equipment_id,count,mean,std,min,max
ETCH02,30,51.49856666666666,1.202610570823934,50.125,56.616
ETCH01,30,49.8398,0.9419504489493391,48.479,53.853
ETCH03,29,49.193,0.7063814732241253,47.387,50.487
